question,answer
"What are some great vegan restaurants in Manhattan and Austin, and how do their food scenes compare?","Finding delicious vegan food is easier than ever, and both Manhattan and Austin boast thriving scenes. However, they offer distinct experiences."
"What are some popular attractions in Manhattan, and where can I find good vegan food and a hotel nearby?","Manhattan offers a plethora of attractions, catering to diverse interests.  For a taste of history and culture, a visit to the Metropolitan Museum of Art is a must.  Its vast collection spans centuries and cultures, offering something for everyone.  Another iconic landmark is Central Park, a sprawling green oasis in the heart of the city.  Here you can stroll, bike, visit Strawberry Fields, or simply relax and enjoy the cityscape.  Times Square, with its dazzling lights and bustling energy, is a quintessential New York experience, though perhaps best appreciated from a distance to avoid the crowds.  Finally, the Statue of Liberty and Ellis Island offer a powerful glimpse into American history and immigration."
"I'm staying at my hotel in Austin and craving some vegan food.  What's the nearest local coffee shop that also serves vegan options, or, failing that, what are my closest vegan restaurant choices?","Finding vegan food in Austin shouldn't be a problem!  Since you're looking for options near your hotel, let's break down your search."
What vegan restaurants are there in Manhattan?,"Manhattan boasts a surprisingly diverse and vibrant vegan food scene, catering to a wide range of tastes and budgets.  Finding a vegan restaurant in Manhattan is rarely a challenge, but choosing *which* one can be!  The options range from casual, affordable eateries to upscale, fine-dining establishments."
"What are some great vegan food options in Austin, and how do they compare to the vegan restaurant scene in Manhattan?","Austin and Manhattan, while geographically distant, both boast vibrant vegan food scenes, albeit with different characteristics.  Let's explore the options and comparisons:"
"What vegan restaurants are there in Seattle, and are there any hotels nearby that might offer vegan options in their restaurants or shops?","Finding vegan restaurants in Seattle is relatively easy, as the city boasts a thriving vegan food scene.  There are numerous establishments catering specifically to vegan diners, ranging from casual eateries to upscale restaurants.  To give you a few examples, you could explore places like:"
"What's a good teambuilding outdoor activity in Manhattan, considering that some team members might have dietary restrictions related to food choices, and we want to incorporate a nice restaurant meal afterwards?",Finding a teambuilding activity in Manhattan that caters to diverse dietary needs and seamlessly transitions into a satisfying restaurant experience requires careful planning.  Here's a potential solution:
"What's a good teambuilding outdoor activity near my hotel, and are there any good restaurants in Austin nearby to celebrate afterwards?","Finding a great teambuilding outdoor activity near your hotel in Austin depends on several factors, including your team's size, fitness level, and budget.  Let's explore some options and then consider post-activity celebratory restaurants."
"What are some popular attractions in Seattle, and what's a good teambuilding outdoor activity that incorporates a nice meal afterwards?","Seattle offers a wealth of attractions perfect for a team-building outing, followed by a delicious meal.  Let's break it down:"
What is the nearest local coffee shop to my hotel in Manhattan?,"Finding the nearest local coffee shop to your hotel in Manhattan depends entirely on the specific location of your hotel. Manhattan is a large borough with a dense concentration of coffee shops, ranging from independent, locally-owned cafes to large chains.  To accurately answer your question, I need to know the address or cross streets of your hotel."
"What is the nearest local coffee shop to my hotel in Seattle, and are there any comparable restaurants or food options in Austin, Texas?",This question has two distinct parts. Let's address them separately:
"What are some popular attractions in Seattle, and how do they compare to the restaurant scene in Manhattan?","Seattle and Manhattan, while geographically distant, offer vastly different yet equally compelling experiences for visitors.  Let's explore Seattle's attractions and then compare them to Manhattan's renowned food scene."
"What are some popular attractions near my hotel in Austin, and is there a good local coffee shop nearby?","Finding popular attractions and a good coffee shop near your hotel in Austin depends on the specific location of your hotel.  Austin is a sprawling city with diverse neighborhoods, each offering unique experiences.  To give you the most accurate information, I need to know the name and address of your hotel or at least its general location (e.g., downtown, South Congress, etc.)."
"What's a good teambuilding outdoor activity near a hotel in Austin, followed by a delicious vegan meal at a local restaurant?","A fantastic teambuilding outdoor activity near a hotel in Austin, followed by a vegan feast, could be structured as follows:"
"What are some popular attractions in Seattle, and how can I find the nearest local coffee shop from my hotel?","Seattle boasts a vibrant array of attractions catering to diverse interests.  For the culturally inclined, the Museum of Pop Culture (MoPOP) offers an engaging exploration of music, science fiction, and pop culture history.  The Seattle Art Museum (SAM) houses a diverse collection spanning various periods and styles.  For a taste of Seattle's maritime heritage, a visit to the Seattle Aquarium or a ferry ride to Bainbridge Island is highly recommended.  Pike Place Market, a bustling public market, offers fresh produce, seafood, and unique crafts, alongside the iconic gum wall.  Finally, the Space Needle provides breathtaking panoramic views of the city and Puget Sound."
